Workbook

Sheet Raw Entry
A1: Record ID | B1: Full Name | C1: Age | D1: Gender | E1: Phone Number | F1: Email | G1: State | H1: Registration Date | I1: Name check | J1: phone check | K1: phone format check | L1: Email check | M1: Age check | N1: State check | O1: Date check | P1: Date Range Check | Q1: Duplicate Check | R1: Data Check | S1: Phone Duplicate Check | T1: Duplicate Email Check
A2: C001 | B2: Daniel Okoro | C2: 24 | D2: Male | E2: 08031234567 | F2: daniel.okoro@gmail.com | G2: Akwa Ibom | H2: 46034 | I2: =TRIM(B2) -> Daniel Okoro | J2: =LEN(E2) -> 11 | K2: =LEFT(E2,1) -> 0 | L2: =IF(AND(ISNUMBER(SEARCH("@",F2)),ISNUMBER(SEARCH(".",F2))),"Valid","Check") -> Valid | M2: =IF(AND(C2>=18,C2<=60),"Acceptable","Unacceptable") -> Acceptable | N2: =_xlfn.XLOOKUP(G2,Table1[Location], Table1[Location Type],"Unknown") -> State | O2: =IF(ISNUMBER(H2),"Valid Date","Check") -> Valid Date | P2: =IF(H2<=TODAY(),"Valid","Future Date") -> Valid | Q2: =IF(COUNTIF(A2:A11,A2)>1,"Duplicate","Unique") -> Unique | R2: =IF(COUNTA(A2:H2)=8,"Complete","Missing Data") -> Complete | S2: =IF(COUNTIF(E2:E11,E2)>1,"Duplicate","Unique") -> Unique | T2: =IF(COUNTIF(F2:F11,F2)>1, "Duplicate","Unique") -> Unique
A3: C002 | B3: Sarah Williams | C3: 29 | D3: Female | E3: 08145678902 | F3: sarah.williams@gmail.com | G3: Lagos | H3: 46037 | I3: =TRIM(B3) -> Sarah Williams | J3: =LEN(E3) -> 11 | K3: =LEFT(E3,1) -> 0 | L3: =IF(AND(ISNUMBER(SEARCH("@",F3)),ISNUMBER(SEARCH(".",F3))),"Valid","Check") -> Valid | M3: =IF(AND(C3>=18,C3<=60),"Acceptable","Unacceptable") -> Acceptable | N3: =_xlfn.XLOOKUP(G3,Table1[Location], Table1[Location Type],"Unknown") -> State | O3: =IF(ISNUMBER(H3),"Valid Date","Check") -> Valid Date | P3: =IF(H3<=TODAY(),"Valid","Future Date") -> Valid | Q3: =IF(COUNTIF(A3:A12,A3)>1,"Duplicate","Unique") -> Unique | R3: =IF(COUNTA(A3:H3)=8,"Complete","Missing Data") -> Complete | S3: =IF(COUNTIF(E3:E12,E3)>1,"Duplicate","Unique") -> Unique | T3: =IF(COUNTIF(F3:F12,F3)>1, "Duplicate","Unique") -> Unique
A4: C003 | B4: Michael Johnson | C4: 31 | D4: Male | E4: 07034567891 | F4: michael.johnson@gmail.com | G4: Rivers | H4: 46040 | I4: =TRIM(B4) -> Michael Johnson | J4: =LEN(E4) -> 11 | K4: =LEFT(E4,1) -> 0 | L4: =IF(AND(ISNUMBER(SEARCH("@",F4)),ISNUMBER(SEARCH(".",F4))),"Valid","Check") -> Valid | M4: =IF(AND(C4>=18,C4<=60),"Acceptable","Unacceptable") -> Acceptable | N4: =_xlfn.XLOOKUP(G4,Table1[Location], Table1[Location Type],"Unknown") -> State | O4: =IF(ISNUMBER(H4),"Valid Date","Check") -> Valid Date | P4: =IF(H4<=TODAY(),"Valid","Future Date") -> Valid | Q4: =IF(COUNTIF(A4:A13,A4)>1,"Duplicate","Unique") -> Unique | R4: =IF(COUNTA(A4:H4)=8,"Complete","Missing Data") -> Complete | S4: =IF(COUNTIF(E4:E13,E4)>1,"Duplicate","Unique") -> Unique | T4: =IF(COUNTIF(F4:F13,F4)>1, "Duplicate","Unique") -> Unique
A5: C004 | B5: Grace Ekanem | C5: 22 | D5: Female | E5: 09023456781 | F5: grace.ekanem@gmail.com | G5: Cross River | H5: 46043 | I5: =TRIM(B5) -> Grace Ekanem | J5: =LEN(E5) -> 11 | K5: =LEFT(E5,1) -> 0 | L5: =IF(AND(ISNUMBER(SEARCH("@",F5)),ISNUMBER(SEARCH(".",F5))),"Valid","Check") -> Valid | M5: =IF(AND(C5>=18,C5<=60),"Acceptable","Unacceptable") -> Acceptable | N5: =_xlfn.XLOOKUP(G5,Table1[Location], Table1[Location Type],"Unknown") -> State | O5: =IF(ISNUMBER(H5),"Valid Date","Check") -> Valid Date | P5: =IF(H5<=TODAY(),"Valid","Future Date") -> Valid | Q5: =IF(COUNTIF(A5:A14,A5)>1,"Duplicate","Unique") -> Unique | R5: =IF(COUNTA(A5:H5)=8,"Complete","Missing Data") -> Complete | S5: =IF(COUNTIF(E5:E14,E5)>1,"Duplicate","Unique") -> Unique | T5: =IF(COUNTIF(F5:F14,F5)>1, "Duplicate","Unique") -> Unique
A6: C005 | B6: David Mensah | C6: 27 | D6: Male | E6: 08056789123 | F6: david.mensah@gmail.com | G6: Delta | H6: 46047 | I6: =TRIM(B6) -> David Mensah | J6: =LEN(E6) -> 11 | K6: =LEFT(E6,1) -> 0 | L6: =IF(AND(ISNUMBER(SEARCH("@",F6)),ISNUMBER(SEARCH(".",F6))),"Valid","Check") -> Valid | M6: =IF(AND(C6>=18,C6<=60),"Acceptable","Unacceptable") -> Acceptable | N6: =_xlfn.XLOOKUP(G6,Table1[Location], Table1[Location Type],"Unknown") -> State | O6: =IF(ISNUMBER(H6),"Valid Date","Check") -> Valid Date | P6: =IF(H6<=TODAY(),"Valid","Future Date") -> Valid | Q6: =IF(COUNTIF(A6:A15,A6)>1,"Duplicate","Unique") -> Unique | R6: =IF(COUNTA(A6:H6)=8,"Complete","Missing Data") -> Complete | S6: =IF(COUNTIF(E6:E15,E6)>1,"Duplicate","Unique") -> Unique | T6: =IF(COUNTIF(F6:F15,F6)>1, "Duplicate","Unique") -> Unique
A7: C006 | B7: Esther Brown | C7: 26 | D7: Female | E7: 08167891234 | F7: esther.brown@gmail.com | G7: Abuja | H7: 46050 | I7: =TRIM(B7) -> Esther Brown | J7: =LEN(E7) -> 11 | K7: =LEFT(E7,1) -> 0 | L7: =IF(AND(ISNUMBER(SEARCH("@",F7)),ISNUMBER(SEARCH(".",F7))),"Valid","Check") -> Valid | M7: =IF(AND(C7>=18,C7<=60),"Acceptable","Unacceptable") -> Acceptable | N7: =_xlfn.XLOOKUP(G7,Table1[Location], Table1[Location Type],"Unknown") -> Fct | O7: =IF(ISNUMBER(H7),"Valid Date","Check") -> Valid Date | P7: =IF(H7<=TODAY(),"Valid","Future Date") -> Valid | Q7: =IF(COUNTIF(A7:A16,A7)>1,"Duplicate","Unique") -> Unique | R7: =IF(COUNTA(A7:H7)=8,"Complete","Missing Data") -> Complete | S7: =IF(COUNTIF(E7:E16,E7)>1,"Duplicate","Unique") -> Unique | T7: =IF(COUNTIF(F7:F16,F7)>1, "Duplicate","Unique") -> Unique
A8: C007 | B8: Samuel Peters | C8: 35 | D8: Male | E8: 07078912345 | F8: samuel.peters@gmail.com | G8: Enugu | H8: 46055 | I8: =TRIM(B8) -> Samuel Peters | J8: =LEN(E8) -> 11 | K8: =LEFT(E8,1) -> 0 | L8: =IF(AND(ISNUMBER(SEARCH("@",F8)),ISNUMBER(SEARCH(".",F8))),"Valid","Check") -> Valid | M8: =IF(AND(C8>=18,C8<=60),"Acceptable","Unacceptable") -> Acceptable | N8: =_xlfn.XLOOKUP(G8,Table1[Location], Table1[Location Type],"Unknown") -> State | O8: =IF(ISNUMBER(H8),"Valid Date","Check") -> Valid Date | P8: =IF(H8<=TODAY(),"Valid","Future Date") -> Valid | Q8: =IF(COUNTIF(A8:A17,A8)>1,"Duplicate","Unique") -> Unique | R8: =IF(COUNTA(A8:H8)=8,"Complete","Missing Data") -> Complete | S8: =IF(COUNTIF(E8:E17,E8)>1,"Duplicate","Unique") -> Unique | T8: =IF(COUNTIF(F8:F17,F8)>1, "Duplicate","Unique") -> Unique
A9: C008 | B9: Linda James | C9: 30 | D9: Female | E9: 09089123456 | F9: linda.james@gmail.com | G9: Kaduna | H9: 46058 | I9: =TRIM(B9) -> Linda James | J9: =LEN(E9) -> 11 | K9: =LEFT(E9,1) -> 0 | L9: =IF(AND(ISNUMBER(SEARCH("@",F9)),ISNUMBER(SEARCH(".",F9))),"Valid","Check") -> Valid | M9: =IF(AND(C9>=18,C9<=60),"Acceptable","Unacceptable") -> Acceptable | N9: =_xlfn.XLOOKUP(G9,Table1[Location], Table1[Location Type],"Unknown") -> State | O9: =IF(ISNUMBER(H9),"Valid Date","Check") -> Valid Date | P9: =IF(H9<=TODAY(),"Valid","Future Date") -> Valid | Q9: =IF(COUNTIF(A9:A18,A9)>1,"Duplicate","Unique") -> Unique | R9: =IF(COUNTA(A9:H9)=8,"Complete","Missing Data") -> Complete | S9: =IF(COUNTIF(E9:E18,E9)>1,"Duplicate","Unique") -> Unique | T9: =IF(COUNTIF(F9:F18,F9)>1, "Duplicate","Unique") -> Unique
A10: C009 | B10: Emmanuel George | C10: 28 | D10: Male | E10: 08091234567 | F10: emmanuel.george@gmail.com | G10: Akwa Ibom | H10: 46061 | I10: =TRIM(B10) -> Emmanuel George | J10: =LEN(E10) -> 11 | K10: =LEFT(E10,1) -> 0 | L10: =IF(AND(ISNUMBER(SEARCH("@",F10)),ISNUMBER(SEARCH(".",F10))),"Valid","Check") -> Valid | M10: =IF(AND(C10>=18,C10<=60),"Acceptable","Unacceptable") -> Acceptable | N10: =_xlfn.XLOOKUP(G10,Table1[Location], Table1[Location Type],"Unknown") -> State | O10: =IF(ISNUMBER(H10),"Valid Date","Check") -> Valid Date | P10: =IF(H10<=TODAY(),"Valid","Future Date") -> Valid | Q10: =IF(COUNTIF(A10:A19,A10)>1,"Duplicate","Unique") -> Unique | R10: =IF(COUNTA(A10:H10)=8,"Complete","Missing Data") -> Complete | S10: =IF(COUNTIF(E10:E19,E10)>1,"Duplicate","Unique") -> Unique | T10: =IF(COUNTIF(F10:F19,F10)>1, "Duplicate","Unique") -> Unique
A11: C010 | B11: Rebecca John | C11: 23 | D11: Female | E11: 08112345678 | F11: rebecca.john@gmail.com | G11: Oyo | H11: 46064 | I11: =TRIM(B11) -> Rebecca John | J11: =LEN(E11) -> 11 | K11: =LEFT(E11,1) -> 0 | L11: =IF(AND(ISNUMBER(SEARCH("@",F11)),ISNUMBER(SEARCH(".",F11))),"Valid","Check") -> Valid | M11: =IF(AND(C11>=18,C11<=60),"Acceptable","Unacceptable") -> Acceptable | N11: =_xlfn.XLOOKUP(G11,Table1[Location], Table1[Location Type],"Unknown") -> State | O11: =IF(ISNUMBER(H11),"Valid Date","Check") -> Valid Date | P11: =IF(H11<=TODAY(),"Valid","Future Date") -> Valid | Q11: =IF(COUNTIF(A11:A20,A11)>1,"Duplicate","Unique") -> Unique | R11: =IF(COUNTA(A11:H11)=8,"Complete","Missing Data") -> Complete | S11: =IF(COUNTIF(E11:E20,E11)>1,"Duplicate","Unique") -> Unique | T11: =IF(COUNTIF(F11:F20,F11)>1, "Duplicate","Unique") -> Unique

Sheet Reference_data
A1: Country | B1: Location | C1: Location Type
A2: Nigeria | B2: Akwa Ibom | C2: State
A3: Nigeria | B3: Lagos | C3: State
A4: Nigeria | B4: Rivers | C4: State
A5: Nigeria | B5: Cross River | C5: State
A6: Nigeria | B6: Delta | C6: State
A7: Nigeria | B7: Abuja | C7: Fct
A8: Nigeria | B8: Enugu | C8: State
A9: Nigeria | B9: Kaduna | C9: State
A10: Nigeria | B10: Oyo | C10: State

Sheet Quality_Summary
A1: Data Quality Metric | B1: Result
A2: Total Records | B2: =COUNTA('Raw Entry'!A2:A11) -> 10
A3: Complete Records | B3: =COUNTIF('Raw Entry'!R2:R11,"Complete") -> 10
A4: Duplicate Record IDs | B4: =COUNTIF('Raw Entry'!Q2:Q11,"Duplicate") -> 0
A5: Duplicate Phone Numbers | B5: =COUNTIF('Raw Entry'!S2:S11,"Duplicate") -> 0
A6: Duplicate Emails | B6: =COUNTIF('Raw Entry'!T2:T11,"Duplicate") -> 0
A7: Invalid Emails Records | B7: =COUNTIF('Raw Entry'!L2:L11,"Check") -> 0
A8: Invalid Age Records | B8: =COUNTIF('Raw Entry'!M2:M11,"Invalid") -> 0
A9: Unknown Locations | B9: =COUNTIF('Raw Entry'!N2:N11,"Unknown") -> 0
A10: Invalid Dates | B10: =COUNTIF('Raw Entry'!O1:O11,"Check") -> 0
A11: Future Dates | B11: =COUNTIF('Raw Entry'!P2:P11,"Future Data") -> 0

Sheet Cleaned_Data
A1: Record ID | B1: Full Name | C1: Age | D1: Gender | E1: Phone Number | F1: Email | G1: State | H1: Registration Date
A2: C001 | B2: Daniel Okoro | C2: 24 | D2: Male | E2: 08031234567 | F2: daniel.okoro@gmail.com | G2: Akwa Ibom | H2: 46034
A3: C002 | B3: Sarah Williams | C3: 29 | D3: Female | E3: 08145678902 | F3: sarah.williams@gmail.com | G3: Lagos | H3: 46037
A4: C003 | B4: Michael Johnson | C4: 31 | D4: Male | E4: 07034567891 | F4: michael.johnson@gmail.com | G4: Rivers | H4: 46040
A5: C004 | B5: Grace Ekanem | C5: 22 | D5: Female | E5: 09023456781 | F5: grace.ekanem@gmail.com | G5: Cross River | H5: 46043
A6: C005 | B6: David Mensah | C6: 27 | D6: Male | E6: 08056789123 | F6: david.mensah@gmail.com | G6: Delta | H6: 46047
A7: C006 | B7: Esther Brown | C7: 26 | D7: Female | E7: 08167891234 | F7: esther.brown@gmail.com | G7: Abuja | H7: 46050
A8: C007 | B8: Samuel Peters | C8: 35 | D8: Male | E8: 07078912345 | F8: samuel.peters@gmail.com | G8: Enugu | H8: 46055
A9: C008 | B9: Linda James | C9: 30 | D9: Female | E9: 09089123456 | F9: linda.james@gmail.com | G9: Kaduna | H9: 46058
A10: C009 | B10: Emmanuel George | C10: 28 | D10: Male | E10: 08091234567 | F10: emmanuel.george@gmail.com | G10: Akwa Ibom | H10: 46061
A11: C010 | B11: Rebecca John | C11: 23 | D11: Female | E11: 08112345678 | F11: rebecca.john@gmail.com | G11: Oyo | H11: 46064
